id;username;password;email;phone;date;sex;hobby
1;USB;Chief quantifying Handmade;Modesta_Gleichner1@yahoo.com;(427) 556-8265 x02454;2021-01-11;Courts;../fake-data/blob/hipster.txt
2;ivory;withdrawal deposit Dynamic;Cordie.Kulas36@yahoo.com;861-586-3135 x253;2021-01-11;Home Loan Account;../fake-data/blob/hipster.txt
3;Borders;Small bleeding-edge Practical Cotton Salad;Jarrett_McKenzie@hotmail.com;(999) 242-9683 x369;2021-01-10;Granite Syrian Pound;../fake-data/blob/hipster.txt
4;Handmade Fresh Bike Clothing Fantastic Wooden Fish;Awesome Steel Pants Reunion Fantastic Fresh Salad;Davon_Senger@hotmail.com;(545) 832-1434;2021-01-11;Internal success;../fake-data/blob/hipster.txt
5;Awesome Soft Soap invoice;yellow withdrawal;Lourdes67@hotmail.com;1-125-195-6909;2021-01-10;Health Panama;../fake-data/blob/hipster.txt
6;dynamic;payment;Maryjane.Skiles@gmail.com;(462) 884-8031 x60029;2021-01-10;transmitter convergence;../fake-data/blob/hipster.txt
7;Money Market Account PNG;United States Minor Outlying Islands;Keira98@yahoo.com;1-253-797-4488;2021-01-10;Officer orchid;../fake-data/blob/hipster.txt
8;Optimized Practical Wooden Car deposit;feed neural silver;Jamison.Waelchi70@hotmail.com;294.414.8129;2021-01-10;Web synergistic;../fake-data/blob/hipster.txt
9;Direct;Quetzal;Federico.Pfeffer@yahoo.com;255-746-2735;2021-01-10;Group;../fake-data/blob/hipster.txt
10;encryption;lavender turquoise invoice;Aubree.Miller53@yahoo.com;286-673-6481;2021-01-11;Checking Account generating;../fake-data/blob/hipster.txt
